#Annotated with Bakta v1.12.0, https://github.com/oschwengers/bakta
#Database v6.0, https://doi.org/10.5281/zenodo.4247252
#Sequence Id	Start	Stop	Strand	Locus Tag	Mol Weight [kDa]	Iso El. Point	Pfam hits	Dbxrefs
contig_1	3	791	-	PKJKAM_00001	29.5	5.5	PF01061.29|ABC2_membrane, PF12679.13|ABC2_membrane_2	PFAM:PF01061.29, PFAM:PF12679.13
contig_2	256	774	+	PKJKAM_00002	19.6	9.1		SO:0001217, UniRef:UniRef50_A0A376JUL7
contig_2	778	888	+	PKJKAM_00003	4.1	5.8		
contig_4	496	720	-	PKJKAM_00006	8.4	4.5		SO:0001217, UniRef:UniRef50_G5NAS5
contig_7	652	1131	+	PKJKAM_00010	18.7	6.8		
contig_12	937	1326	+	PKJKAM_00019	15.1	4.7		
contig_13	3	752	-	PKJKAM_00020	26.4	5.6		
contig_13	1141	1413	-	PKJKAM_00022	10.0	4.2		
contig_16	2	103	+	PKJKAM_00025	3.5	8.5		
contig_16	159	629	+	PKJKAM_00026	17.2	4.6		
contig_16	876	1220	-	PKJKAM_00027	12.8	6.1	PF02900.23|LigB	PFAM:PF02900.23
contig_18	1	111	-	PKJKAM_00030	3.7	8.0		
contig_18	255	779	-	PKJKAM_00031	19.6	4.1	PF17944.6|Arg_decarbox_C	PFAM:PF17944.6
contig_18	1198	1452	+	PKJKAM_00032	9.6	6.9		
contig_18	1449	1775	+	PKJKAM_00033	12.3	5.7	PF13692.12|Glyco_trans_1_4	PFAM:PF13692.12
contig_20	62	814	-	PKJKAM_00037	28.3	10.0		
contig_20	1713	1934	+	PKJKAM_00040	8.2	8.9	PF12835.12|Integrase_1	PFAM:PF12835.12
contig_21	3102	3284	+	PKJKAM_00046	7.0	10.8		
contig_22	4034	4309	-	PKJKAM_00051	10.0	8.9		
contig_25	3	1175	-	PKJKAM_00064	40.2	7.0	PF02302.22|PTS_IIB	PFAM:PF02302.22
contig_25	3328	3435	-	PKJKAM_00067	4.2	9.3		
contig_26	1	387	-	PKJKAM_00071	15.4	10.0	PF06303.17|MatP, PF17414.8|MatP_C	PFAM:PF06303.17, PFAM:PF17414.8
contig_26	12857	13174	-	PKJKAM_00081	11.3	9.7	PF01180.27|DHO_dh	PFAM:PF01180.27
contig_27	1	477	+	PKJKAM_00082	17.6	4.6		
contig_27	6636	7022	-	PKJKAM_00092	14.0	6.5	PF16925.10|TetR_C_13	PFAM:PF16925.10
contig_28	7610	7990	-	PKJKAM_00118	14.0	7.6		
contig_29	16197	16532	-	PKJKAM_00147	12.3	9.8		
contig_29	16504	17397	-	PKJKAM_00148	34.3	5.4	PF17767.7|NAPRTase_N	PFAM:PF17767.7
contig_29	19218	19457	-	PKJKAM_00151	8.7	10.4		
contig_30	3	308	+	PKJKAM_00154	10.8	9.3		
contig_30	13925	14185	-	PKJKAM_00165	9.6	4.5		
contig_30	21566	22219	-	PKJKAM_00176	23.2	9.8		
contig_31	3	647	+	PKJKAM_00179	23.4	9.4	PF07338.18|YdgH_BhsA-like	PFAM:PF07338.18
contig_31	21131	23338	+	PKJKAM_00197	78.7	8.9	PF00037.32|Fer4, PF01512.22|Complex1_51K, PF10531.15|SLBB, PF12797.12|Fer4_2, PF12838.12|Fer4_7, PF13183.11|Fer4_8, PF13237.11|Fer4_10, PF13375.12|RnfC_N, PF13534.11|Fer4_17	PFAM:PF00037.32, PFAM:PF01512.22, PFAM:PF10531.15, PFAM:PF12797.12, PFAM:PF12838.12, PFAM:PF13183.11, PFAM:PF13237.11, PFAM:PF13375.12, PFAM:PF13534.11
contig_31	32680	33342	-	PKJKAM_00208	23.5	5.7		
contig_33	2	238	-	PKJKAM_00239	8.8	8.7		
contig_33	3485	3691	+	PKJKAM_00241	7.7	5.0		
contig_33	4686	4967	+	PKJKAM_00242	11.1	4.6		
contig_33	9432	9674	-	PKJKAM_00247	8.6	9.6		
contig_33	39346	39606	-	PKJKAM_00286	10.0	5.2		
contig_33	40251	40517	-	PKJKAM_00288	9.9	5.1		SO:0001217, UniRef:UniRef50_A0A6D2GB82
contig_34	3	872	-	PKJKAM_00289	32.3	8.8		
contig_34	17020	17475	-	PKJKAM_00310	17.7	9.8	PF10263.15|SprT-like, PF17283.8|Zn_ribbon_SprT	PFAM:PF10263.15, PFAM:PF17283.8
contig_35	3	440	+	PKJKAM_00345	15.3	5.2		
contig_35	37171	38166	+	PKJKAM_00382	38.0	6.0	PF08238.18|Sel1	PFAM:PF08238.18
contig_35	52826	53218	+	PKJKAM_00397	14.0	6.6	PF00905.27|Transpeptidase	PFAM:PF00905.27
contig_35	59401	59727	+	PKJKAM_00404	12.2	9.4		
contig_36	1	354	-	PKJKAM_00405	12.8	6.3	PF00126.33|HTH_1	PFAM:PF00126.33
contig_36	3266	3808	+	PKJKAM_00410	20.1	8.5	PF03925.18|SeqA, PF17206.9|SeqA_N	PFAM:PF03925.18, PFAM:PF17206.9
contig_36	10032	10136	-	PKJKAM_00415	4.3	11.8		
contig_36	39362	39487	+	PKJKAM_00440	4.6	9.0		
contig_36	43654	43767	+	PKJKAM_00443	4.0	4.5		
contig_37	23932	24258	-	PKJKAM_00500	12.1	5.0	PF03860.21|DUF326	PFAM:PF03860.21
contig_37	31134	31448	+	PKJKAM_00507	10.6	8.8	PF13146.11|TRL	PFAM:PF13146.11
contig_37	32209	33252	-	PKJKAM_00509	39.0	5.9	PF13088.12|BNR_2	PFAM:PF13088.12
contig_37	34377	34550	+	PKJKAM_00511	6.5	11.0		
contig_37	41694	41900	+	PKJKAM_00522	8.1	9.5		SO:0001217, UniRef:UniRef50_A0A659M0N4
contig_37	92332	92586	-	PKJKAM_00571	9.2	10.4		
contig_38	1	513	-	PKJKAM_00572	19.4	8.5		
contig_38	41653	42108	-	PKJKAM_00615	15.3	5.0	PF07012.17|Curlin_rpt	PFAM:PF07012.17
contig_38	47735	47860	-	PKJKAM_00625	4.5	6.5		
contig_38	55104	55292	+	PKJKAM_00633	7.1	5.8		
contig_38	66211	66849	-	PKJKAM_00643	23.7	8.8	PF00440.29|TetR_N, PF08362.16|TetR_C_3	PFAM:PF00440.29, PFAM:PF08362.16
contig_38	66986	67153	-	PKJKAM_00644	5.7	10.5		
contig_38	71445	72791	-	PKJKAM_00651	49.8	9.7	PF02683.22|DsbD_TM, PF11412.14|DsbD_N	PFAM:PF02683.22, PFAM:PF11412.14
contig_38	99833	100621	-	PKJKAM_00682	29.6	9.5	PF00165.29|HTH_AraC, PF12833.13|HTH_18	PFAM:PF00165.29, PFAM:PF12833.13
contig_38	110314	110472	+	PKJKAM_00693	5.8	6.1		SO:0001217, UniRef:UniRef50_A0A379XT47
contig_39	3	332	-	PKJKAM_00696	11.7	4.8	PF04613.19|LpxD	PFAM:PF04613.19
contig_39	60907	61968	+	PKJKAM_00752	37.8	4.8	PF00419.26|Fimbrial	PFAM:PF00419.26
contig_39	84323	84424	+	PKJKAM_00774	3.8	4.7		
contig_39	114547	114675	-	PKJKAM_00801	4.9	10.9		
contig_40	2	1018	+	PKJKAM_00805	36.4	9.5		
contig_40	47331	47636	+	PKJKAM_00857	11.2	9.6	PF04728.18|LPP	PFAM:PF04728.18
contig_40	47717	47956	+	PKJKAM_00858	8.5	9.2	PF04728.18|LPP	PFAM:PF04728.18
contig_40	81772	81963	+	PKJKAM_00889	7.1	6.7		
contig_40	96379	97338	+	PKJKAM_00906	34.8	5.9		
contig_40	115984	116199	-	PKJKAM_00927	8.6	8.5		SO:0001217, UniRef:UniRef50_A0A4Z0P2U0
contig_41	3	287	-	PKJKAM_00954	10.2	9.9	PF04310.18|MukB, PF13555.12|AAA_29	PFAM:PF04310.18, PFAM:PF13555.12
contig_41	26726	26893	+	PKJKAM_00977	6.8	10.0		
contig_41	74414	74929	+	PKJKAM_01016	18.8	5.9	PF12883.13|DUF3828	PFAM:PF12883.13
contig_41	102308	102481	-	PKJKAM_01047	6.3	4.6	PF07995.17|GSDH	PFAM:PF07995.17
contig_41	106850	107041	-	PKJKAM_01052	7.4	5.1		
contig_41	128415	128852	+	PKJKAM_01071	16.2	6.9	PF08282.18|Hydrolase_3	PFAM:PF08282.18
contig_41	128724	128984	-	PKJKAM_01072	10.0	10.3		
contig_41	194193	195101	+	PKJKAM_01134	33.3	5.7		
contig_42	1	156	+	PKJKAM_01143	5.4	10.3	PF04225.17|LysM_OapA	PFAM:PF04225.17
contig_42	13741	14904	-	PKJKAM_01162	45.3	4.8	PF03738.19|GSP_synth	PFAM:PF03738.19
contig_42	28399	28707	-	PKJKAM_01177	11.1	7.0	PF17209.9|Hfq	PFAM:PF17209.9
contig_42	68996	69286	+	PKJKAM_01218	11.3	9.3		
contig_42	71255	71461	-	PKJKAM_01220	8.2	10.2		
contig_42	172208	172336	-	PKJKAM_01297	5.0	8.7		
contig_42	191182	191427	-	PKJKAM_01314	7.5	5.8		
contig_42	198286	199713	+	PKJKAM_01324	51.6	5.5	PF04984.19|Phage_sheath_1, PF17482.7|Phage_sheath_1C	PFAM:PF04984.19, PFAM:PF17482.7, SO:0001217, UniRef:UniRef50_U3U6A9
contig_42	207686	209233	+	PKJKAM_01333	58.2	9.3		SO:0001217, UniRef:UniRef50_A0A7H0MG07
contig_42	209747	210862	+	PKJKAM_01335	40.0	4.8		
contig_43	79634	79984	+	PKJKAM_01430	13.0	5.7	PF02311.25|AraC_binding, PF07883.17|Cupin_2, PF16867.11|DMSP_lyase	PFAM:PF02311.25, PFAM:PF07883.17, PFAM:PF16867.11
contig_43	106423	106737	+	PKJKAM_01457	12.4	5.6	PF05336.19|rhaM	PFAM:PF05336.19
contig_43	144982	145497	-	PKJKAM_01497	19.2	5.8		
contig_43	174503	175051	-	PKJKAM_01527	19.6	4.9		
contig_43	178618	180048	-	PKJKAM_01533	54.6	5.5		
contig_43	203972	204223	+	PKJKAM_01557	9.6	8.8		
contig_43	213445	213960	-	PKJKAM_01572	18.9	9.9	PF00324.27|AA_permease	PFAM:PF00324.27
contig_44	59743	60537	+	PKJKAM_01700	30.5	4.8	PF06877.16|RraB	PFAM:PF06877.16
contig_44	97154	97441	-	PKJKAM_01738	10.9	10.2	PF13693.12|HTH_35	PFAM:PF13693.12
contig_44	102869	103339	-	PKJKAM_01745	16.9	11.0		
contig_44	103432	103533	+	PKJKAM_01746	3.7	6.5		
contig_44	189488	190132	-	PKJKAM_01833	24.0	7.0	PF03551.20|PadR	PFAM:PF03551.20
contig_44	194456	194638	+	PKJKAM_01841	7.1	11.0		
contig_44	194643	195068	+	PKJKAM_01842	16.4	10.5		
contig_44	199482	199688	+	PKJKAM_01849	7.6	8.1		SO:0001217, UniRef:UniRef50_A0A4Q2R3F8
contig_44	284348	285991	+	PKJKAM_01937	58.9	5.5	PF00672.30|HAMP, PF02203.21|TarH	PFAM:PF00672.30, PFAM:PF02203.21
contig_44	306292	307170	+	PKJKAM_01956	33.1	5.9		
contig_44	325208	325906	+	PKJKAM_01976	26.9	9.1		SO:0001217, UniRef:UniRef50_A0AAN1A6P9
contig_44	329685	329840	+	PKJKAM_01979	5.9	7.9		
contig_44	330978	331094	-	PKJKAM_01983	4.2	10.2		
contig_44	331728	331805	+	PKJKAM_01984	3.0	4.1		
contig_45	2	187	-	PKJKAM_01985	6.6	4.8	PF00091.31|Tubulin	PFAM:PF00091.31
contig_45	49913	50323	+	PKJKAM_02028	15.1	6.6	PF09312.16|SurA_N, PF13623.11|SurA_N_2, PF13624.11|SurA_N_3	PFAM:PF09312.16, PFAM:PF13623.11, PFAM:PF13624.11
contig_45	50406	51203	+	PKJKAM_02029	29.0	6.4	PF00639.27|Rotamase, PF13145.12|Rotamase_2, PF13616.12|Rotamase_3	PFAM:PF00639.27, PFAM:PF13145.12, PFAM:PF13616.12
contig_45	61273	61695	-	PKJKAM_02039	15.7	9.0		
contig_45	74885	75280	-	PKJKAM_02053	15.4	9.4		
contig_45	80565	80852	+	PKJKAM_02056	10.6	5.2		
contig_45	125300	125818	-	PKJKAM_02096	17.7	4.3	PF00419.26|Fimbrial	PFAM:PF00419.26
contig_45	138786	139319	+	PKJKAM_02106	19.9	5.5	PF05838.17|Glyco_hydro_108, PF09374.15|PG_binding_3	PFAM:PF05838.17, PFAM:PF09374.15
contig_45	140991	141131	+	PKJKAM_02109	5.3	10.7		
contig_45	144568	144972	+	PKJKAM_02113	14.5	9.1		
contig_45	169503	169610	-	PKJKAM_02137	4.2	5.4		SO:0001217, UniRef:UniRef50_A0A2X4TXI3
contig_45	193872	194459	+	PKJKAM_02159	21.4	7.8	PF04055.27|Radical_SAM	PFAM:PF04055.27
contig_45	202648	202884	-	PKJKAM_02172	8.4	9.8		
contig_45	210511	210972	+	PKJKAM_02182	15.9	8.7		
contig_45	237453	237617	-	PKJKAM_02203	6.8	10.5	PF06568.16|DUF1127	PFAM:PF06568.16
contig_45	250001	250447	-	PKJKAM_02214	16.7	9.4	PF05638.18|T6SS_HCP	PFAM:PF05638.18
contig_45	253532	254059	+	PKJKAM_02218	19.7	5.7	PF01738.24|DLH	PFAM:PF01738.24
contig_45	261363	261470	+	PKJKAM_02227	4.1	9.7		SO:0001217, UniRef:UniRef50_A0A0J1LPK6
contig_45	264683	264874	+	PKJKAM_02231	6.8	4.5		
contig_45	265331	266218	-	PKJKAM_02232	34.6	5.7		
contig_45	338168	338362	+	PKJKAM_02300	7.2	8.1		SO:0001217, UniRef:UniRef50_A0A5V6ND51
contig_45	341087	341401	+	PKJKAM_02303	12.1	8.7		SO:0001217, UniRef:UniRef50_A0A3U8EHJ2
contig_45	365737	366075	+	PKJKAM_02325	12.4	4.7	PF08525.16|OapA_N	PFAM:PF08525.16
contig_46	3	260	-	PKJKAM_02326	10.1	11.4		
contig_46	10783	10974	+	PKJKAM_02335	6.6	4.1		SO:0001217, UniRef:UniRef50_A0A659S1Q6
contig_46	22469	22675	-	PKJKAM_02350	7.4	4.7		
contig_46	81841	81963	+	PKJKAM_02406	4.7	10.6		
contig_46	177404	177544	+	PKJKAM_02490	5.1	10.9		
contig_46	201397	201657	+	PKJKAM_02517	10.1	9.3		
contig_46	234090	234899	+	PKJKAM_02554	30.1	9.5		
contig_46	279770	279928	+	PKJKAM_02606	6.0	11.0		
contig_46	370649	370711	+	PKJKAM_02679	2.5	8.1		
contig_47	3	917	+	PKJKAM_02680	33.5	6.5	PF08032.17|SpoU_sub_bind	PFAM:PF08032.17
contig_47	64959	65135	-	PKJKAM_02744	6.4	10.6		SO:0001217, UniRef:UniRef50_A0A4Z0LFH4
contig_47	67205	67429	+	PKJKAM_02748	8.7	11.3		
contig_47	112172	112438	-	PKJKAM_02776	10.2	10.6		
contig_47	112885	113076	-	PKJKAM_02777	7.4	11.9		
contig_47	138636	138836	-	PKJKAM_02799	8.1	8.0		
contig_47	173094	173792	+	PKJKAM_02831	26.0	4.8		SO:0001217, UniRef:UniRef50_A0A5X0DKG2
contig_47	206544	207569	+	PKJKAM_02873	39.0	9.8	PF05231.19|MASE1	PFAM:PF05231.19
contig_47	207612	208733	+	PKJKAM_02874	42.4	7.7	PF00563.25|EAL	PFAM:PF00563.25
contig_47	211633	211959	-	PKJKAM_02877	13.3	10.0		
contig_47	228164	228259	-	PKJKAM_02890	3.7	6.0		SO:0001217, UniRef:UniRef50_A0A3S4H9S7
contig_47	233269	233553	+	PKJKAM_02896	10.3	4.1		
contig_47	313407	313712	+	PKJKAM_02973	11.3	5.1	PF05957.18|DUF883	PFAM:PF05957.18
contig_47	336456	336632	+	PKJKAM_02996	6.7	5.6		
contig_47	358897	361743	+	PKJKAM_03014	106.3	5.8	PF00072.30|Response_reg, PF00512.31|HisKA, PF02518.31|HATPase_c, PF09456.16|RcsC	PFAM:PF00072.30, PFAM:PF00512.31, PFAM:PF02518.31, PFAM:PF09456.16
contig_47	377737	378186	+	PKJKAM_03030	16.4	6.9		
contig_47	387770	388234	+	PKJKAM_03044	16.0	4.7	PF03406.18|Phage_fiber_2	PFAM:PF03406.18
contig_47	396271	396555	-	PKJKAM_03052	10.5	9.5	PF01386.24|Ribosomal_L25p	PFAM:PF01386.24
contig_47	399315	400505	+	PKJKAM_03055	43.3	9.8		
contig_47	411739	411906	-	PKJKAM_03065	6.0	8.5	PF09285.17|Elong-fact-P_C	PFAM:PF09285.17
contig_48	1	276	+	PKJKAM_03066	10.2	6.6		
contig_48	56994	57362	+	PKJKAM_03122	14.2	8.6		
contig_48	76221	76550	+	PKJKAM_03139	12.2	10.9	PF02518.31|HATPase_c, PF14501.12|HATPase_c_5	PFAM:PF02518.31, PFAM:PF14501.12
contig_48	81846	83699	-	PKJKAM_03145	65.4	5.5	PF09008.15|Head_binding	PFAM:PF09008.15
contig_48	97031	97453	-	PKJKAM_03158	15.5	6.6		
contig_48	99189	99374	-	PKJKAM_03162	6.7	6.1		
contig_48	101522	101701	-	PKJKAM_03166	6.9	6.1		
contig_48	101682	101885	-	PKJKAM_03167	7.9	9.7		
contig_48	102707	102883	-	PKJKAM_03170	6.5	4.2		
contig_48	109878	110072	+	PKJKAM_03183	7.3	8.4		
contig_48	111479	111643	+	PKJKAM_03185	6.2	10.4		
contig_48	111777	111884	+	PKJKAM_03187	4.1	4.1		
contig_48	113056	113538	+	PKJKAM_03190	17.8	5.4		
contig_48	113881	114051	+	PKJKAM_03191	6.5	10.1		
contig_48	114048	114986	+	PKJKAM_03192	35.2	6.1	PF13392.12|HNH_3	PFAM:PF13392.12
contig_48	115224	115955	+	PKJKAM_03194	26.8	4.4		
contig_48	116568	117128	+	PKJKAM_03196	21.0	4.3		
contig_48	120353	120661	+	PKJKAM_03202	11.5	4.7		
contig_48	163229	163333	-	PKJKAM_03245	3.8	6.7		SO:0001217, UniRef:UniRef50_V1H4Y4
contig_48	178491	179228	-	PKJKAM_03262	27.5	5.6	PF00149.33|Metallophos	PFAM:PF00149.33
contig_48	208584	208895	+	PKJKAM_03290	11.4	10.3	PF01035.26|DNA_binding_1	PFAM:PF01035.26
contig_48	294809	295129	-	PKJKAM_03374	11.6	9.5	PF07769.19|PsiF_repeat	PFAM:PF07769.19
contig_48	327557	329515	-	PKJKAM_03401	73.3	5.4	PF01555.25|N6_N4_Mtase, PF18273.6|T3RM_EcoP15I_C	PFAM:PF01555.25, PFAM:PF18273.6
contig_48	360205	360819	-	PKJKAM_03429	22.7	9.4		
contig_48	360816	361445	-	PKJKAM_03430	22.5	6.4		
contig_48	362226	362354	-	PKJKAM_03432	4.2	9.7		
contig_48	362958	363359	-	PKJKAM_03435	15.0	6.9		
contig_48	363372	363641	-	PKJKAM_03436	9.9	10.5	PF13356.12|Arm-DNA-bind_3	PFAM:PF13356.12
contig_48	391234	391512	-	PKJKAM_03461	11.0	9.5	PF13683.12|rve_3	PFAM:PF13683.12
contig_48	392964	393395	-	PKJKAM_03465	16.7	5.7		
contig_48	393550	393849	-	PKJKAM_03466	11.6	7.7		SO:0001217, UniRef:UniRef50_A0A3R0S9T3
contig_48	396664	396966	+	PKJKAM_03471	11.4	9.7		
contig_48	397167	397673	-	PKJKAM_03472	19.5	4.5		SO:0001217, UniRef:UniRef50_A0A3V2W8Q6
contig_48	397675	398871	-	PKJKAM_03473	45.0	7.2	PF03527.20|RHS, PF05593.20|RHS_repeat	PFAM:PF03527.20, PFAM:PF05593.20
contig_48	419303	419635	-	PKJKAM_03491	12.8	5.9	PF16695.10|Tai4	PFAM:PF16695.10
contig_49	59679	60512	-	PKJKAM_03577	29.2	9.7	PF00892.27|EamA	PFAM:PF00892.27
contig_49	105831	105962	-	PKJKAM_03622	4.9	5.5		
contig_49	152403	152522	+	PKJKAM_03666	4.7	8.0		
contig_49	249721	249912	-	PKJKAM_03756	7.3	11.0		
contig_49	251725	251928	+	PKJKAM_03758	7.6	4.7		
contig_49	251929	252483	+	PKJKAM_03759	20.1	5.0	PF06564.18|CBP_BcsQ	PFAM:PF06564.18
contig_49	309315	309650	+	PKJKAM_03803	12.6	6.9	PF01206.22|TusA	PFAM:PF01206.22
contig_49	327855	328223	+	PKJKAM_03822	13.6	6.1		
contig_49	336815	337786	-	PKJKAM_03831	34.4	9.3		
contig_50	49680	50147	+	PKJKAM_03985	17.7	9.2	PF07308.18|DUF1456	PFAM:PF07308.18, SO:0001217, UniRef:UniRef50_A0A0H2V0J0
contig_50	89198	89395	-	PKJKAM_04018	7.3	9.4		
contig_50	97293	97442	+	PKJKAM_04030	5.6	7.9		
contig_50	97693	97938	+	PKJKAM_04031	9.3	5.6		SO:0001217, UniRef:UniRef50_A0A075MCE2
contig_50	97958	99175	+	PKJKAM_04032	44.9	7.7		
contig_50	108801	109562	-	PKJKAM_04041	28.0	6.4		
contig_50	124085	124573	+	PKJKAM_04052	17.6	8.7	PF00132.30|Hexapep	PFAM:PF00132.30
contig_50	233304	233477	-	PKJKAM_04163	6.6	4.9		
contig_50	237985	238533	-	PKJKAM_04166	20.2	10.1	PF12834.13|Phage_int_SAM_2, PF12835.12|Integrase_1	PFAM:PF12834.13, PFAM:PF12835.12
contig_50	238552	238683	-	PKJKAM_04167	4.9	10.4	PF12834.13|Phage_int_SAM_2	PFAM:PF12834.13
contig_50	239158	239682	-	PKJKAM_04169	18.4	4.5		
contig_50	240332	240547	+	PKJKAM_04171	8.1	10.2		
contig_50	252334	252519	+	PKJKAM_04187	7.0	5.8		
contig_50	261181	262404	-	PKJKAM_04201	42.0	4.9	PF02120.21|Flg_hook	PFAM:PF02120.21
contig_50	264236	264943	-	PKJKAM_04204	25.8	4.6		
contig_50	272538	272906	-	PKJKAM_04213	13.7	5.1		
contig_50	273328	274731	-	PKJKAM_04215	49.8	5.3	PF07196.18|Flagellin_IN	PFAM:PF07196.18
contig_50	288367	288651	+	PKJKAM_04232	10.6	4.9		
contig_50	291822	293090	-	PKJKAM_04237	44.8	9.6	PF01490.24|Aa_trans	PFAM:PF01490.24
contig_50	294873	295283	+	PKJKAM_04241	14.6	6.0		
contig_50	330115	331611	+	PKJKAM_04276	56.0	6.7		
contig_50	337853	339172	+	PKJKAM_04284	49.0	9.5	PF01476.26|LysM, PF01551.29|Peptidase_M23, PF04225.17|LysM_OapA, PF08525.16|OapA_N, PF19425.4|Csd3_N2, PF22310.2|NMB0315_dom_I	PFAM:PF01476.26, PFAM:PF01551.29, PFAM:PF04225.17, PFAM:PF08525.16, PFAM:PF19425.4, PFAM:PF22310.2
contig_50	348719	349009	+	PKJKAM_04292	10.7	5.0		
contig_50	356220	356348	+	PKJKAM_04304	4.9	5.9		
contig_50	356333	356602	-	PKJKAM_04305	10.1	9.3		
contig_50	357931	358161	+	PKJKAM_04308	8.3	10.0		
contig_50	360527	362131	+	PKJKAM_04313	56.0	5.2	PF01661.27|Macro, PF07484.17|Collar	PFAM:PF01661.27, PFAM:PF07484.17
contig_50	362344	362580	+	PKJKAM_04314	8.7	6.3		
contig_50	364150	364272	+	PKJKAM_04316	4.6	6.7		
contig_50	368352	368462	+	PKJKAM_04322	4.2	9.7		
contig_50	371275	371739	-	PKJKAM_04325	17.4	5.4	PF13692.12|Glyco_trans_1_4	PFAM:PF13692.12
contig_50	371742	371996	-	PKJKAM_04326	9.6	6.9		
contig_50	377654	377827	+	PKJKAM_04330	6.3	8.9		
contig_50	378090	378566	-	PKJKAM_04331	17.5	9.6		
contig_50	394135	394242	+	PKJKAM_04347	4.2	9.6		SO:0001217, UniRef:UniRef50_A0A455RYX3
contig_50	395249	395488	-	PKJKAM_04349	8.4	9.6		
contig_50	507166	507348	-	PKJKAM_04460	6.2	10.0		
contig_50	523070	523222	-	PKJKAM_04475	5.7	9.4		
contig_50	534088	534258	-	PKJKAM_04488	6.0	4.3		
contig_50	536162	536359	-	PKJKAM_04490	7.4	5.1		
contig_50	568796	569641	+	PKJKAM_04522	29.6	5.5		
contig_50	573311	573649	-	PKJKAM_04526	13.1	5.0		
contig_50	591049	591315	+	PKJKAM_04544	8.7	7.6	PF03891.20|DUF333	PFAM:PF03891.20
contig_50	604377	604472	+	PKJKAM_04557	3.4	5.9		SO:0001217, UniRef:UniRef50_A0A3S4GLI1
contig_50	612032	612448	+	PKJKAM_04565	16.0	6.7		
contig_50	639769	640389	-	PKJKAM_04593	23.1	5.2		
contig_50	640386	640559	-	PKJKAM_04594	6.9	10.0		
contig_50	701033	701251	+	PKJKAM_04641	8.7	9.5		
contig_50	703231	703473	+	PKJKAM_04645	9.5	10.9		SO:0001217, UniRef:UniRef50_A0A5Y0LFH2
contig_50	720747	721157	+	PKJKAM_04664	15.2	5.8		
contig_50	725456	725983	+	PKJKAM_04670	19.2	9.2	PF08332.16|CaMKII_AD, PF11533.15|AtzH-like, PF13474.12|SnoaL_3, PF13577.12|SnoaL_4, PF14534.12|DUF4440	PFAM:PF08332.16, PFAM:PF11533.15, PFAM:PF13474.12, PFAM:PF13577.12, PFAM:PF14534.12
contig_50	736972	737067	+	PKJKAM_04683	3.5	5.4		
contig_50	738880	739062	-	PKJKAM_04687	6.1	9.9		
contig_50	741587	741877	+	PKJKAM_04689	10.4	6.3	PF00106.31|adh_short, PF13561.12|adh_short_C2	PFAM:PF00106.31, PFAM:PF13561.12
contig_50	741922	742332	+	PKJKAM_04690	14.7	6.0	PF00106.31|adh_short, PF13561.12|adh_short_C2	PFAM:PF00106.31, PFAM:PF13561.12
contig_50	759904	760476	+	PKJKAM_04708	21.8	9.6		
contig_50	760486	760806	+	PKJKAM_04709	11.6	4.5		
contig_50	775966	776388	+	PKJKAM_04724	14.9	5.1	PF07338.18|YdgH_BhsA-like	PFAM:PF07338.18
